data,produto_id,quantidade,valor_total,nome,categoria
2024-04-19,187,279,1281,Produto 187,Roupas
2024-04-21,394,102,7440,Produto 394,Alimentos
2024-04-27,394,181,2885,Produto 394,Alimentos
2024-04-12,73,490,8796,Produto 73,Alimentos
2024-04-13,73,435,7087,Produto 73,Alimentos
2024-04-24,73,98,4796,Produto 73,Alimentos
2024-04-19,73,78,3419,Produto 73,Alimentos
2024-04-21,566,61,3750,Produto 566,Eletrônicos
2024-04-24,566,459,8530,Produto 566,Eletrônicos
2024-04-01,577,193,8967,Produto 577,Alimentos
2024-04-28,577,342,8954,Produto 577,Alimentos
2024-04-16,577,214,7843,Produto 577,Alimentos
2024-04-09,424,291,4023,Produto 424,Roupas
2024-04-13,366,242,8971,Produto 366,Roupas
2024-04-30,366,165,1786,Produto 366,Roupas
2024-04-22,366,314,6222,Produto 366,Roupas
2024-04-24,366,285,8541,Produto 366,Roupas
2024-04-27,366,123,9046,Produto 366,Roupas
2024-04-01,366,159,5219,Produto 366,Roupas
2024-04-11,584,313,8710,Produto 584,Roupas
2024-04-04,196,190,3853,Produto 196,Eletrônicos
2024-04-15,196,387,7418,Produto 196,Eletrônicos
2024-04-11,115,444,3514,Produto 115,Roupas
2024-04-18,115,411,1555,Produto 115,Roupas
2024-04-07,115,95,8359,Produto 115,Roupas
2024-04-05,329,254,4661,Produto 329,Alimentos
2024-04-16,329,495,9958,Produto 329,Alimentos
2024-04-06,329,139,2779,Produto 329,Alimentos
2024-04-15,242,292,4377,Produto 242,Eletrônicos
2024-04-24,242,221,6090,Produto 242,Eletrônicos
2024-04-12,509,230,1411,Produto 509,Roupas
2024-04-30,509,122,6685,Produto 509,Roupas
2024-04-21,509,115,2992,Produto 509,Roupas
2024-04-21,509,150,8347,Produto 509,Roupas
2024-04-11,427,150,9244,Produto 427,Alimentos
2024-04-09,427,218,8717,Produto 427,Alimentos
2024-04-04,427,229,5281,Produto 427,Alimentos
2024-04-25,335,285,7141,Produto 335,Alimentos
2024-04-02,335,168,6612,Produto 335,Alimentos
2024-04-10,335,334,5035,Produto 335,Alimentos
2024-04-04,335,419,6839,Produto 335,Alimentos
2024-04-08,335,276,6622,Produto 335,Alimentos
2024-04-03,335,180,5624,Produto 335,Alimentos
2024-04-02,255,205,8517,Produto 255,Alimentos
2024-04-18,255,379,3000,Produto 255,Alimentos
2024-04-29,560,219,2897,Produto 560,Eletrônicos
2024-04-02,560,238,7034,Produto 560,Eletrônicos
2024-04-07,560,317,1549,Produto 560,Eletrônicos
2024-04-18,560,449,3431,Produto 560,Eletrônicos
2024-04-25,560,437,4141,Produto 560,Eletrônicos
2024-04-15,560,254,2562,Produto 560,Eletrônicos
2024-04-11,441,150,1583,Produto 441,Eletrônicos
2024-04-15,441,452,5462,Produto 441,Eletrônicos
2024-04-09,441,156,1956,Produto 441,Eletrônicos
2024-04-08,393,71,3579,Produto 393,Alimentos
2024-04-23,393,116,6436,Produto 393,Alimentos
2024-04-24,393,107,4994,Produto 393,Alimentos
2024-04-11,453,439,5634,Produto 453,Eletrônicos
2024-04-17,453,468,2804,Produto 453,Eletrônicos
2024-04-20,188,89,7995,Produto 188,Eletrônicos
2024-04-17,188,256,8120,Produto 188,Eletrônicos
2024-04-20,188,136,1018,Produto 188,Eletrônicos
2024-04-25,568,324,9028,Produto 568,Alimentos
2024-04-04,568,399,6278,Produto 568,Alimentos
2024-04-12,535,448,7788,Produto 535,Roupas
2024-04-08,535,406,4864,Produto 535,Roupas
2024-04-23,535,270,3727,Produto 535,Roupas
2024-04-26,52,130,5822,Produto 52,Roupas
2024-04-13,52,344,5444,Produto 52,Roupas
2024-04-28,44,78,4249,Produto 44,Roupas
2024-04-13,44,321,8470,Produto 44,Roupas
2024-04-11,465,479,7673,Produto 465,Alimentos
2024-04-23,465,371,6324,Produto 465,Alimentos
2024-04-27,465,351,8420,Produto 465,Alimentos
2024-04-06,201,256,2623,Produto 201,Eletrônicos
2024-04-07,201,306,2225,Produto 201,Eletrônicos
2024-04-09,201,413,6955,Produto 201,Eletrônicos
2024-04-20,318,474,2914,Produto 318,Eletrônicos
2024-04-13,318,445,7670,Produto 318,Eletrônicos
2024-04-29,417,72,5527,Produto 417,Eletrônicos
2024-04-02,417,329,9320,Produto 417,Eletrônicos
2024-04-15,417,157,5933,Produto 417,Eletrônicos
2024-04-23,417,68,2925,Produto 417,Eletrônicos
2024-04-15,271,101,8281,Produto 271,Eletrônicos
2024-04-22,271,193,7245,Produto 271,Eletrônicos
2024-04-14,172,124,8240,Produto 172,Eletrônicos
2024-04-12,172,399,2336,Produto 172,Eletrônicos
2024-04-19,172,141,2806,Produto 172,Eletrônicos
2024-04-01,388,393,9119,Produto 388,Alimentos
2024-04-11,388,73,5599,Produto 388,Alimentos
2024-04-28,388,300,3904,Produto 388,Alimentos
2024-04-24,414,211,9062,Produto 414,Eletrônicos
2024-04-30,414,368,8607,Produto 414,Eletrônicos
2024-04-12,414,188,1736,Produto 414,Eletrônicos
2024-04-04,414,118,2050,Produto 414,Eletrônicos
2024-04-11,214,481,3387,Produto 214,Alimentos
2024-04-03,158,102,1319,Produto 158,Eletrônicos
2024-04-19,99,317,8020,Produto 99,Roupas
2024-04-29,304,383,1934,Produto 304,Roupas
2024-04-15,304,205,2049,Produto 304,Roupas
2024-04-17,304,200,4500,Produto 304,Roupas
2024-04-27,304,393,1558,Produto 304,Roupas
2024-04-03,376,443,2875,Produto 376,Alimentos
2024-04-14,376,78,8568,Produto 376,Alimentos
2024-04-05,376,78,3878,Produto 376,Alimentos
2024-04-02,454,412,7367,Produto 454,Alimentos
2024-04-12,454,435,7452,Produto 454,Alimentos
2024-04-18,454,222,5133,Produto 454,Alimentos
2024-04-12,359,68,5905,Produto 359,Roupas
2024-04-08,359,422,9911,Produto 359,Roupas
2024-04-27,351,284,7848,Produto 351,Roupas
2024-04-21,351,461,5968,Produto 351,Roupas
2024-04-14,351,417,7715,Produto 351,Roupas
2024-04-27,528,418,9479,Produto 528,Eletrônicos
2024-04-03,528,255,9794,Produto 528,Eletrônicos
2024-04-05,315,387,3450,Produto 315,Alimentos
2024-04-06,315,389,5759,Produto 315,Alimentos
2024-04-28,315,452,8017,Produto 315,Alimentos
2024-04-28,526,227,1154,Produto 526,Roupas
2024-04-05,526,419,8788,Produto 526,Roupas
2024-04-22,526,239,5912,Produto 526,Roupas
2024-04-01,79,247,6220,Produto 79,Roupas
2024-04-12,79,160,7849,Produto 79,Roupas
2024-04-15,79,282,2754,Produto 79,Roupas
2024-04-17,79,115,7312,Produto 79,Roupas
2024-04-16,262,406,2908,Produto 262,Alimentos
2024-04-10,262,381,8449,Produto 262,Alimentos
2024-04-25,275,326,4994,Produto 275,Eletrônicos
2024-04-22,275,440,9435,Produto 275,Eletrônicos
2024-04-08,275,221,3188,Produto 275,Eletrônicos
2024-04-25,275,464,7569,Produto 275,Eletrônicos
2024-04-18,275,246,6350,Produto 275,Eletrônicos
2024-04-22,349,91,2854,Produto 349,Eletrônicos
2024-04-08,349,485,7896,Produto 349,Eletrônicos
2024-04-02,349,404,2976,Produto 349,Eletrônicos
2024-04-19,230,207,3993,Produto 230,Eletrônicos
2024-04-18,230,324,4691,Produto 230,Eletrônicos
2024-04-20,230,64,5834,Produto 230,Eletrônicos
2024-04-26,230,475,8505,Produto 230,Eletrônicos
2024-04-15,230,362,4776,Produto 230,Eletrônicos
2024-04-09,86,134,2026,Produto 86,Roupas
2024-04-27,86,443,5445,Produto 86,Roupas
2024-04-13,86,209,1578,Produto 86,Roupas
2024-04-20,86,90,7465,Produto 86,Roupas
2024-04-19,30,247,5304,Produto 30,Alimentos
2024-04-05,30,367,3247,Produto 30,Alimentos
2024-04-26,34,117,5977,Produto 34,Alimentos
2024-04-01,34,416,5287,Produto 34,Alimentos
2024-04-24,34,93,8184,Produto 34,Alimentos
2024-04-27,34,204,1306,Produto 34,Alimentos
2024-04-23,34,419,8637,Produto 34,Alimentos
2024-04-11,270,72,2893,Produto 270,Roupas
2024-04-22,270,142,5057,Produto 270,Roupas
2024-04-15,53,297,6607,Produto 53,Eletrônicos
2024-04-12,53,430,6002,Produto 53,Eletrônicos
2024-04-04,471,326,2314,Produto 471,Roupas
2024-04-11,471,152,2938,Produto 471,Roupas
2024-04-23,471,220,2009,Produto 471,Roupas
2024-04-19,541,426,6851,Produto 541,Eletrônicos
2024-04-06,541,104,5432,Produto 541,Eletrônicos
2024-04-11,541,119,7763,Produto 541,Eletrônicos
2024-04-09,541,262,1785,Produto 541,Eletrônicos
2024-04-14,66,111,6606,Produto 66,Roupas
2024-04-09,269,63,1292,Produto 269,Alimentos
2024-04-26,269,227,6385,Produto 269,Alimentos
2024-04-10,269,377,8185,Produto 269,Alimentos
2024-04-09,442,198,1752,Produto 442,Alimentos
2024-04-17,442,198,9554,Produto 442,Alimentos
2024-04-20,31,480,1408,Produto 31,Roupas
2024-04-26,31,442,9559,Produto 31,Roupas
2024-04-02,421,352,6310,Produto 421,Alimentos
2024-04-26,421,489,7325,Produto 421,Alimentos
2024-04-14,328,132,8351,Produto 328,Alimentos
2024-04-13,328,443,7253,Produto 328,Alimentos
2024-04-29,328,252,3221,Produto 328,Alimentos
2024-04-28,339,281,6945,Produto 339,Roupas
2024-04-17,70,243,7725,Produto 70,Eletrônicos
2024-04-26,70,395,3966,Produto 70,Eletrônicos
2024-04-01,458,407,5146,Produto 458,Eletrônicos
2024-04-14,458,276,4681,Produto 458,Eletrônicos
2024-04-27,458,454,7316,Produto 458,Eletrônicos
2024-04-08,375,433,8301,Produto 375,Eletrônicos
2024-04-08,375,217,3414,Produto 375,Eletrônicos
2024-04-06,375,308,4779,Produto 375,Eletrônicos
2024-04-09,256,453,5308,Produto 256,Alimentos
2024-04-10,312,128,2629,Produto 312,Alimentos
2024-04-08,312,403,5725,Produto 312,Alimentos
2024-04-20,312,472,5812,Produto 312,Alimentos
2024-04-04,312,489,6448,Produto 312,Alimentos
2024-04-21,272,170,3326,Produto 272,Eletrônicos
2024-04-05,272,240,4720,Produto 272,Eletrônicos
2024-04-24,391,243,3452,Produto 391,Alimentos
2024-04-08,93,214,6759,Produto 93,Alimentos
2024-04-11,93,87,9991,Produto 93,Alimentos
2024-04-15,93,290,3180,Produto 93,Alimentos
2024-04-03,153,428,9279,Produto 153,Alimentos
2024-04-13,153,388,6134,Produto 153,Alimentos
2024-04-06,138,364,7752,Produto 138,Alimentos
2024-04-06,138,437,1037,Produto 138,Alimentos
2024-04-23,578,479,6963,Produto 578,Alimentos
2024-04-02,578,294,8288,Produto 578,Alimentos
2024-04-09,63,377,8361,Produto 63,Alimentos
2024-04-25,63,50,9496,Produto 63,Alimentos
2024-04-07,1,418,3182,Produto 1,Alimentos
2024-04-04,1,318,5266,Produto 1,Alimentos
2024-04-16,1,417,6141,Produto 1,Alimentos
2024-04-29,321,499,2231,Produto 321,Roupas
2024-04-03,321,231,7091,Produto 321,Roupas
2024-04-15,321,357,2237,Produto 321,Roupas
2024-04-11,321,337,1311,Produto 321,Roupas
2024-04-16,350,71,5747,Produto 350,Eletrônicos
2024-04-29,350,98,3075,Produto 350,Eletrônicos
2024-04-09,350,402,1128,Produto 350,Eletrônicos
2024-04-05,50,117,1206,Produto 50,Roupas
2024-04-30,185,429,2362,Produto 185,Alimentos
2024-04-01,479,250,5005,Produto 479,Roupas
2024-04-28,479,180,1122,Produto 479,Roupas
2024-04-28,479,103,1296,Produto 479,Roupas
2024-04-03,27,391,1404,Produto 27,Roupas
2024-04-25,27,406,6016,Produto 27,Roupas
2024-04-09,27,407,6339,Produto 27,Roupas
2024-04-05,2,180,5574,Produto 2,Alimentos
2024-04-24,208,223,9475,Produto 208,Roupas
2024-04-04,208,99,6420,Produto 208,Roupas
2024-04-14,45,320,4076,Produto 45,Eletrônicos
2024-04-14,45,55,6383,Produto 45,Eletrônicos
2024-04-07,529,356,7978,Produto 529,Alimentos
2024-04-08,529,452,7621,Produto 529,Alimentos
2024-04-12,529,234,3874,Produto 529,Alimentos
2024-04-16,407,328,2678,Produto 407,Eletrônicos
2024-04-22,407,497,4206,Produto 407,Eletrônicos
2024-04-08,261,129,8510,Produto 261,Eletrônicos
2024-04-05,261,327,2699,Produto 261,Eletrônicos
2024-04-03,261,324,3735,Produto 261,Eletrônicos
2024-04-07,510,180,6835,Produto 510,Roupas
2024-04-26,510,213,1568,Produto 510,Roupas
2024-04-07,510,332,5308,Produto 510,Roupas
2024-04-29,401,494,1103,Produto 401,Eletrônicos
2024-04-14,401,227,4551,Produto 401,Eletrônicos
2024-04-06,498,359,5632,Produto 498,Alimentos
2024-04-16,498,349,7096,Produto 498,Alimentos
2024-04-10,498,140,7110,Produto 498,Alimentos
2024-04-10,35,407,2506,Produto 35,Roupas
2024-04-17,35,425,3826,Produto 35,Roupas
2024-04-30,35,130,4146,Produto 35,Roupas
2024-04-20,35,321,2209,Produto 35,Roupas
2024-04-16,512,375,9004,Produto 512,Alimentos
2024-04-09,227,424,1560,Produto 227,Roupas
2024-04-12,227,443,7283,Produto 227,Roupas
2024-04-02,227,123,6344,Produto 227,Roupas
2024-04-21,220,229,5726,Produto 220,Roupas
2024-04-17,220,382,4510,Produto 220,Roupas
2024-04-05,488,301,9002,Produto 488,Eletrônicos
2024-04-09,85,348,3753,Produto 85,Alimentos
2024-04-03,85,359,3546,Produto 85,Alimentos
2024-04-03,85,423,3938,Produto 85,Alimentos
2024-04-09,248,490,1062,Produto 248,Roupas
2024-04-13,463,150,6162,Produto 463,Eletrônicos
2024-04-24,463,362,6958,Produto 463,Eletrônicos
2024-04-03,555,426,8428,Produto 555,Roupas
2024-04-26,600,217,2377,Produto 600,Eletrônicos
2024-04-03,600,129,4040,Produto 600,Eletrônicos
2024-04-08,600,110,6273,Produto 600,Eletrônicos
2024-04-05,469,164,1376,Produto 469,Alimentos
2024-04-05,469,236,1145,Produto 469,Alimentos
2024-04-11,469,329,1218,Produto 469,Alimentos
2024-04-17,494,456,9756,Produto 494,Alimentos
2024-04-12,538,426,3990,Produto 538,Roupas
2024-04-10,538,295,1020,Produto 538,Roupas
2024-04-16,538,446,3407,Produto 538,Roupas
2024-04-21,538,143,6200,Produto 538,Roupas
2024-04-02,237,401,7324,Produto 237,Alimentos
2024-04-25,237,218,5354,Produto 237,Alimentos
2024-04-05,237,277,5277,Produto 237,Alimentos
2024-04-27,62,119,2640,Produto 62,Alimentos
2024-04-06,62,89,4075,Produto 62,Alimentos
2024-04-16,62,145,8355,Produto 62,Alimentos
2024-04-15,597,231,7197,Produto 597,Alimentos
2024-04-30,597,199,8592,Produto 597,Alimentos
2024-04-22,470,194,4902,Produto 470,Alimentos
2024-04-10,470,225,2110,Produto 470,Alimentos
2024-04-26,246,467,5302,Produto 246,Alimentos
2024-04-08,246,80,5188,Produto 246,Alimentos
2024-04-30,246,279,2136,Produto 246,Alimentos
2024-04-16,246,427,2534,Produto 246,Alimentos
2024-04-20,431,124,9788,Produto 431,Roupas
2024-04-09,431,270,6130,Produto 431,Roupas
2024-04-13,431,215,5830,Produto 431,Roupas
2024-04-23,431,265,8968,Produto 431,Roupas
2024-04-29,576,101,5858,Produto 576,Alimentos
2024-04-26,576,144,6789,Produto 576,Alimentos
2024-04-21,576,223,2652,Produto 576,Alimentos
2024-04-17,416,317,8145,Produto 416,Eletrônicos
2024-04-23,416,308,7224,Produto 416,Eletrônicos
2024-04-12,511,59,6321,Produto 511,Roupas
2024-04-26,511,177,2156,Produto 511,Roupas
2024-04-30,511,373,4769,Produto 511,Roupas
2024-04-08,129,479,4174,Produto 129,Roupas
2024-04-09,181,221,9482,Produto 181,Alimentos
2024-04-19,289,230,5076,Produto 289,Eletrônicos
2024-04-10,289,107,4218,Produto 289,Eletrônicos
2024-04-07,289,387,9019,Produto 289,Eletrônicos
2024-04-12,281,97,4572,Produto 281,Alimentos
2024-04-13,281,466,2873,Produto 281,Alimentos
2024-04-11,281,498,1457,Produto 281,Alimentos
2024-04-18,281,362,8810,Produto 281,Alimentos
2024-04-12,484,294,3526,Produto 484,Roupas
2024-04-03,484,87,2011,Produto 484,Roupas
2024-04-15,484,443,2114,Produto 484,Roupas
2024-04-01,466,345,9200,Produto 466,Alimentos
2024-04-06,9,112,4262,Produto 9,Eletrônicos
2024-04-23,9,384,1133,Produto 9,Eletrônicos
2024-04-27,9,269,8762,Produto 9,Eletrônicos
2024-04-04,69,183,2667,Produto 69,Alimentos
2024-04-24,97,369,8314,Produto 97,Alimentos
2024-04-22,97,239,8004,Produto 97,Alimentos
2024-04-12,97,476,3853,Produto 97,Alimentos
2024-04-06,178,162,9610,Produto 178,Alimentos
2024-04-15,178,277,6906,Produto 178,Alimentos
2024-04-09,178,152,8706,Produto 178,Alimentos
2024-04-04,557,421,6375,Produto 557,Roupas
2024-04-25,432,391,8400,Produto 432,Alimentos
2024-04-23,432,374,2015,Produto 432,Alimentos
2024-04-14,213,392,1177,Produto 213,Eletrônicos
2024-04-27,213,338,6440,Produto 213,Eletrônicos
2024-04-17,306,472,7644,Produto 306,Eletrônicos
2024-04-01,306,407,3697,Produto 306,Eletrônicos
2024-04-01,306,325,1742,Produto 306,Eletrônicos
2024-04-14,306,65,4366,Produto 306,Eletrônicos
2024-04-13,306,366,8219,Produto 306,Eletrônicos
2024-04-04,94,254,3926,Produto 94,Alimentos
2024-04-28,451,196,3345,Produto 451,Eletrônicos
2024-04-26,451,99,1092,Produto 451,Eletrônicos
2024-04-23,176,147,2231,Produto 176,Alimentos
2024-04-27,176,480,3125,Produto 176,Alimentos
2024-04-22,561,114,1332,Produto 561,Eletrônicos
2024-04-16,243,255,5828,Produto 243,Roupas
2024-04-24,243,299,3025,Produto 243,Roupas
2024-04-22,287,285,9577,Produto 287,Eletrônicos
2024-04-09,287,321,5261,Produto 287,Eletrônicos
2024-04-07,133,120,3145,Produto 133,Roupas
2024-04-02,392,217,4981,Produto 392,Roupas
2024-04-14,392,89,9543,Produto 392,Roupas
2024-04-26,452,349,5642,Produto 452,Alimentos
2024-04-12,452,405,5776,Produto 452,Alimentos
2024-04-22,452,115,3886,Produto 452,Alimentos
2024-04-29,452,395,6149,Produto 452,Alimentos
2024-04-05,332,159,9946,Produto 332,Roupas
2024-04-04,332,366,9383,Produto 332,Roupas
2024-04-04,332,277,4123,Produto 332,Roupas
2024-04-17,382,183,2875,Produto 382,Roupas
2024-04-10,16,458,3480,Produto 16,Roupas
2024-04-14,16,54,6461,Produto 16,Roupas
2024-04-20,508,461,4537,Produto 508,Roupas
2024-04-16,435,237,7246,Produto 435,Alimentos
2024-04-21,435,373,3815,Produto 435,Alimentos
2024-04-25,435,353,9015,Produto 435,Alimentos
2024-04-16,435,270,7692,Produto 435,Alimentos
2024-04-24,524,166,6473,Produto 524,Roupas
2024-04-13,166,231,7913,Produto 166,Eletrônicos
2024-04-13,166,125,1984,Produto 166,Eletrônicos
2024-04-16,166,490,3013,Produto 166,Eletrônicos
2024-04-17,166,408,2725,Produto 166,Eletrônicos
2024-04-12,455,483,7092,Produto 455,Roupas
2024-04-06,455,337,7120,Produto 455,Roupas
2024-04-03,474,294,8422,Produto 474,Roupas
2024-04-09,474,299,4691,Produto 474,Roupas
2024-04-10,474,173,5359,Produto 474,Roupas
2024-04-05,326,68,9751,Produto 326,Roupas
2024-04-06,326,476,7210,Produto 326,Roupas
2024-04-09,326,404,7654,Produto 326,Roupas
2024-04-14,326,475,6803,Produto 326,Roupas
2024-04-29,333,180,3053,Produto 333,Eletrônicos
2024-04-20,333,374,3541,Produto 333,Eletrônicos
2024-04-15,199,226,9808,Produto 199,Eletrônicos
2024-04-02,199,441,2337,Produto 199,Eletrônicos
2024-04-23,199,372,2971,Produto 199,Eletrônicos
2024-04-17,199,351,2998,Produto 199,Eletrônicos
2024-04-11,199,141,7272,Produto 199,Eletrônicos
2024-04-05,23,242,8249,Produto 23,Alimentos
2024-04-23,23,169,4674,Produto 23,Alimentos
2024-04-05,23,333,2489,Produto 23,Alimentos
2024-04-02,113,269,1127,Produto 113,Alimentos
2024-04-08,113,462,3243,Produto 113,Alimentos
2024-04-27,113,361,6780,Produto 113,Alimentos
2024-04-07,113,63,9430,Produto 113,Alimentos
2024-04-12,384,416,6460,Produto 384,Eletrônicos
2024-04-16,384,170,3731,Produto 384,Eletrônicos
2024-04-20,384,410,9815,Produto 384,Eletrônicos
2024-04-16,569,472,3187,Produto 569,Eletrônicos
2024-04-05,569,435,3209,Produto 569,Eletrônicos
2024-04-24,569,120,2281,Produto 569,Eletrônicos
2024-04-23,177,159,4992,Produto 177,Alimentos
2024-04-15,177,75,3565,Produto 177,Alimentos
2024-04-15,177,329,7734,Produto 177,Alimentos
2024-04-13,177,388,2171,Produto 177,Alimentos
2024-04-19,177,387,8666,Produto 177,Alimentos
2024-04-02,456,259,3661,Produto 456,Eletrônicos
2024-04-06,456,461,8161,Produto 456,Eletrônicos
2024-04-01,3,277,8957,Produto 3,Alimentos
2024-04-12,3,474,3442,Produto 3,Alimentos
2024-04-08,3,102,9138,Produto 3,Alimentos
2024-04-23,3,446,4850,Produto 3,Alimentos
2024-04-10,579,95,6340,Produto 579,Alimentos
2024-04-07,579,170,6720,Produto 579,Alimentos
2024-04-01,405,166,3207,Produto 405,Roupas
2024-04-09,405,371,3468,Produto 405,Roupas
2024-04-24,313,490,3501,Produto 313,Eletrônicos
2024-04-08,313,498,6708,Produto 313,Eletrônicos
2024-04-15,84,162,1385,Produto 84,Roupas
2024-04-06,84,157,8755,Produto 84,Roupas
2024-04-15,84,100,7991,Produto 84,Roupas
2024-04-03,84,220,3908,Produto 84,Roupas
2024-04-07,112,319,3027,Produto 112,Alimentos
2024-04-29,112,390,5596,Produto 112,Alimentos
2024-04-12,112,485,4325,Produto 112,Alimentos
2024-04-29,112,133,9517,Produto 112,Alimentos
2024-04-15,112,286,6316,Produto 112,Alimentos
2024-04-20,204,285,1488,Produto 204,Roupas
2024-04-29,204,251,2291,Produto 204,Roupas
2024-04-10,204,58,3456,Produto 204,Roupas
2024-04-04,530,184,5268,Produto 530,Alimentos
2024-04-11,530,404,9208,Produto 530,Alimentos
2024-04-09,379,447,5781,Produto 379,Eletrônicos
2024-04-04,251,155,7203,Produto 251,Eletrônicos
2024-04-01,71,284,6825,Produto 71,Roupas
2024-04-27,71,241,7522,Produto 71,Roupas
2024-04-24,259,113,8803,Produto 259,Roupas
2024-04-13,311,332,1014,Produto 311,Alimentos
2024-04-24,311,368,4466,Produto 311,Alimentos
2024-04-06,385,240,4960,Produto 385,Roupas
2024-04-08,385,241,7284,Produto 385,Roupas
2024-04-28,308,425,3782,Produto 308,Alimentos
2024-04-24,308,215,9764,Produto 308,Alimentos
2024-04-30,308,138,7785,Produto 308,Alimentos
2024-04-08,238,271,1224,Produto 238,Eletrônicos
2024-04-09,344,85,8317,Produto 344,Eletrônicos
2024-04-06,344,361,2039,Produto 344,Eletrônicos
2024-04-03,513,184,6205,Produto 513,Eletrônicos
2024-04-08,513,56,3517,Produto 513,Eletrônicos
2024-04-25,217,180,8449,Produto 217,Eletrônicos
2024-04-03,117,88,4640,Produto 117,Eletrônicos
2024-04-24,117,437,8534,Produto 117,Eletrônicos
2024-04-12,534,150,8755,Produto 534,Alimentos
2024-04-29,534,305,5401,Produto 534,Alimentos
2024-04-17,212,406,5927,Produto 212,Roupas
2024-04-27,501,445,2290,Produto 501,Alimentos
2024-04-28,151,276,3658,Produto 151,Roupas
2024-04-12,151,417,7170,Produto 151,Roupas
2024-04-05,151,360,3636,Produto 151,Roupas
2024-04-08,151,116,2289,Produto 151,Roupas
2024-04-04,286,73,2710,Produto 286,Alimentos
2024-04-06,286,139,4091,Produto 286,Alimentos
2024-04-23,286,66,2812,Produto 286,Alimentos
2024-04-08,286,365,6535,Produto 286,Alimentos
2024-04-02,286,218,5984,Produto 286,Alimentos
2024-04-16,330,350,7572,Produto 330,Alimentos
2024-04-26,194,213,9915,Produto 194,Roupas
2024-04-11,194,320,2846,Produto 194,Roupas
2024-04-14,319,151,5955,Produto 319,Alimentos
2024-04-26,55,104,7230,Produto 55,Alimentos
2024-04-25,55,232,8660,Produto 55,Alimentos
2024-04-15,55,232,1747,Produto 55,Alimentos
2024-04-12,423,165,4101,Produto 423,Alimentos
2024-04-13,389,474,5054,Produto 389,Alimentos
2024-04-16,215,366,8260,Produto 215,Eletrônicos
2024-04-03,369,126,3937,Produto 369,Eletrônicos
2024-04-22,369,141,1849,Produto 369,Eletrônicos
2024-04-18,369,499,1602,Produto 369,Eletrônicos
2024-04-22,95,335,7962,Produto 95,Roupas
2024-04-17,95,146,4108,Produto 95,Roupas
2024-04-26,95,313,9020,Produto 95,Roupas
2024-04-20,372,190,1615,Produto 372,Eletrônicos
2024-04-05,372,235,7794,Produto 372,Eletrônicos
2024-04-12,372,232,5692,Produto 372,Eletrônicos
2024-04-29,420,114,4178,Produto 420,Alimentos
2024-04-28,420,59,5570,Produto 420,Alimentos
2024-04-19,149,310,2081,Produto 149,Roupas
2024-04-20,231,73,7090,Produto 231,Alimentos
2024-04-14,225,141,6553,Produto 225,Eletrônicos
2024-04-18,225,323,7955,Produto 225,Eletrônicos
2024-04-16,229,111,4427,Produto 229,Eletrônicos
2024-04-06,107,185,7499,Produto 107,Eletrônicos
2024-04-01,599,486,4300,Produto 599,Eletrônicos
2024-04-16,265,438,2496,Produto 265,Roupas
2024-04-12,265,459,1246,Produto 265,Roupas
2024-04-24,252,294,6460,Produto 252,Roupas
2024-04-17,252,338,6849,Produto 252,Roupas
2024-04-01,252,184,3322,Produto 252,Roupas
2024-04-09,356,93,9516,Produto 356,Alimentos
2024-04-04,356,77,9412,Produto 356,Alimentos
2024-04-23,105,182,7368,Produto 105,Alimentos
2024-04-24,564,372,3581,Produto 564,Roupas
2024-04-26,517,460,6434,Produto 517,Roupas
2024-04-11,517,381,6285,Produto 517,Roupas
2024-04-13,517,227,3564,Produto 517,Roupas
2024-04-07,219,221,1913,Produto 219,Roupas
2024-04-28,186,121,1119,Produto 186,Roupas
2024-04-28,186,446,4604,Produto 186,Roupas
2024-04-16,502,257,9487,Produto 502,Eletrônicos
2024-04-23,154,62,6245,Produto 154,Alimentos
2024-04-09,154,453,8485,Produto 154,Alimentos
2024-04-17,154,93,1550,Produto 154,Alimentos
2024-04-27,126,310,6533,Produto 126,Alimentos
2024-04-19,492,271,4603,Produto 492,Roupas
2024-04-06,492,472,2942,Produto 492,Roupas
2024-04-25,371,354,6033,Produto 371,Eletrônicos
2024-04-04,96,107,1471,Produto 96,Eletrônicos
2024-04-03,96,247,6359,Produto 96,Eletrônicos
2024-04-26,139,214,6912,Produto 139,Roupas
2024-04-19,239,88,9207,Produto 239,Eletrônicos
2024-04-23,239,411,6690,Produto 239,Eletrônicos
2024-04-22,295,146,7156,Produto 295,Roupas
2024-04-25,295,497,1749,Produto 295,Roupas
2024-04-05,75,432,2338,Produto 75,Alimentos
2024-04-24,75,194,6244,Produto 75,Alimentos
2024-04-14,75,481,3730,Produto 75,Alimentos
2024-04-24,75,461,9032,Produto 75,Alimentos
2024-04-15,75,280,1740,Produto 75,Alimentos
2024-04-01,505,440,5394,Produto 505,Alimentos
2024-04-23,505,339,9949,Produto 505,Alimentos
2024-04-12,168,480,6504,Produto 168,Roupas
2024-04-03,168,176,8067,Produto 168,Roupas
2024-04-25,450,126,4229,Produto 450,Roupas
2024-04-27,450,264,6291,Produto 450,Roupas
2024-04-06,450,96,1111,Produto 450,Roupas
2024-04-13,197,383,8665,Produto 197,Roupas
2024-04-06,197,271,7512,Produto 197,Roupas
2024-04-02,422,131,9825,Produto 422,Alimentos
2024-04-28,210,285,9155,Produto 210,Alimentos
2024-04-25,521,387,8197,Produto 521,Eletrônicos
2024-04-14,521,189,2269,Produto 521,Eletrônicos
2024-04-08,303,96,4751,Produto 303,Roupas
2024-04-15,500,370,1971,Produto 500,Eletrônicos
2024-04-09,500,469,4898,Produto 500,Eletrônicos
2024-04-03,500,243,8641,Produto 500,Eletrônicos
2024-04-23,305,286,2177,Produto 305,Eletrônicos
2024-04-17,410,427,1717,Produto 410,Eletrônicos
2024-04-24,409,316,2228,Produto 409,Eletrônicos
2024-04-22,409,102,7592,Produto 409,Eletrônicos
2024-04-22,299,227,2191,Produto 299,Alimentos
2024-04-01,299,124,3806,Produto 299,Alimentos
2024-04-22,299,402,3227,Produto 299,Alimentos
2024-04-16,439,191,1878,Produto 439,Eletrônicos
2024-04-26,439,453,7331,Produto 439,Eletrônicos
2024-04-03,439,58,5069,Produto 439,Eletrônicos
2024-04-28,218,405,1839,Produto 218,Roupas
2024-04-12,218,454,6911,Produto 218,Roupas
2024-04-11,362,152,8443,Produto 362,Roupas
2024-04-29,362,78,8617,Produto 362,Roupas
2024-04-10,111,305,3557,Produto 111,Alimentos
2024-04-08,224,271,5327,Produto 224,Roupas
2024-04-15,224,139,6762,Produto 224,Roupas
2024-04-20,224,72,5847,Produto 224,Roupas
2024-04-22,101,207,8687,Produto 101,Roupas
2024-04-26,101,248,4211,Produto 101,Roupas
2024-04-06,195,150,2661,Produto 195,Roupas
2024-04-06,195,171,1066,Produto 195,Roupas
2024-04-10,195,120,3103,Produto 195,Roupas
2024-04-30,241,490,3976,Produto 241,Roupas
2024-04-16,241,159,8972,Produto 241,Roupas
2024-04-15,241,369,8626,Produto 241,Roupas
2024-04-05,302,55,1334,Produto 302,Alimentos
2024-04-23,302,442,4024,Produto 302,Alimentos
2024-04-18,302,233,4845,Produto 302,Alimentos
2024-04-17,302,106,3991,Produto 302,Alimentos
2024-04-17,573,266,2672,Produto 573,Roupas
2024-04-13,233,422,5737,Produto 233,Alimentos
2024-04-13,57,79,7324,Produto 57,Eletrônicos
2024-04-04,57,208,3049,Produto 57,Eletrônicos
2024-04-20,57,455,6452,Produto 57,Eletrônicos
2024-04-08,57,67,5507,Produto 57,Eletrônicos
2024-04-28,57,355,4574,Produto 57,Eletrônicos
2024-04-13,57,280,4101,Produto 57,Eletrônicos
2024-04-02,77,248,3486,Produto 77,Roupas
2024-04-28,298,169,1607,Produto 298,Roupas
2024-04-05,250,59,9352,Produto 250,Alimentos
2024-04-16,250,165,8120,Produto 250,Alimentos
2024-04-21,250,170,1648,Produto 250,Alimentos
2024-04-17,250,221,2396,Produto 250,Alimentos
2024-04-28,331,165,9532,Produto 331,Roupas
2024-04-29,331,221,9042,Produto 331,Roupas
2024-04-14,26,188,8122,Produto 26,Roupas
2024-04-04,316,335,5186,Produto 316,Alimentos
2024-04-27,316,71,4694,Produto 316,Alimentos
2024-04-06,316,367,5214,Produto 316,Alimentos
2024-04-29,525,236,2461,Produto 525,Eletrônicos
2024-04-01,525,203,2199,Produto 525,Eletrônicos
2024-04-26,406,326,5398,Produto 406,Alimentos
2024-04-27,406,190,9748,Produto 406,Alimentos
2024-04-19,189,469,7672,Produto 189,Eletrônicos
2024-04-14,189,222,6926,Produto 189,Eletrônicos
2024-04-30,47,168,9276,Produto 47,Roupas
2024-04-14,47,445,6844,Produto 47,Roupas
2024-04-27,102,317,9974,Produto 102,Roupas
2024-04-17,102,320,2091,Produto 102,Roupas
2024-04-14,481,257,1973,Produto 481,Alimentos
2024-04-15,481,369,3653,Produto 481,Alimentos
2024-04-21,481,353,2176,Produto 481,Alimentos
2024-04-14,373,459,3357,Produto 373,Roupas
2024-04-14,373,126,7887,Produto 373,Roupas
2024-04-24,373,442,6709,Produto 373,Roupas
2024-04-10,516,408,3930,Produto 516,Alimentos
2024-04-17,516,278,8646,Produto 516,Alimentos
2024-04-27,516,465,9352,Produto 516,Alimentos
2024-04-08,162,324,7472,Produto 162,Eletrônicos
2024-04-16,162,329,3249,Produto 162,Eletrônicos
2024-04-04,109,195,8882,Produto 109,Eletrônicos
2024-04-11,109,57,5103,Produto 109,Eletrônicos
2024-04-06,109,149,3297,Produto 109,Eletrônicos
2024-04-29,109,152,9171,Produto 109,Eletrônicos
2024-04-10,109,141,2680,Produto 109,Eletrônicos
2024-04-23,245,155,5395,Produto 245,Alimentos
2024-04-16,245,89,6045,Produto 245,Alimentos
2024-04-12,245,395,8821,Produto 245,Alimentos
2024-04-15,598,479,2903,Produto 598,Alimentos
2024-04-22,598,198,8787,Produto 598,Alimentos
2024-04-04,399,283,4275,Produto 399,Eletrônicos
2024-04-22,276,250,8846,Produto 276,Roupas
2024-04-09,276,472,1513,Produto 276,Roupas
2024-04-16,390,346,7754,Produto 390,Roupas
2024-04-04,354,93,2885,Produto 354,Eletrônicos
2024-04-21,32,272,3591,Produto 32,Roupas
2024-04-01,32,247,8307,Produto 32,Roupas
2024-04-05,32,150,2835,Produto 32,Roupas
2024-04-11,32,470,6054,Produto 32,Roupas
2024-04-21,42,211,9140,Produto 42,Alimentos
2024-04-28,42,417,4755,Produto 42,Alimentos
2024-04-07,42,206,2765,Produto 42,Alimentos
2024-04-30,42,144,1369,Produto 42,Alimentos
2024-04-14,42,116,9297,Produto 42,Alimentos
2024-04-11,42,141,6547,Produto 42,Alimentos
2024-04-05,42,276,8712,Produto 42,Alimentos
2024-04-30,323,316,4226,Produto 323,Alimentos
2024-04-23,345,144,7474,Produto 345,Eletrônicos
2024-04-19,533,289,1512,Produto 533,Eletrônicos
2024-04-29,533,423,7003,Produto 533,Eletrônicos
2024-04-19,190,349,3140,Produto 190,Roupas
2024-04-14,585,99,6638,Produto 585,Roupas
2024-04-06,585,430,3942,Produto 585,Roupas
2024-04-06,434,428,6911,Produto 434,Alimentos
2024-04-06,491,476,8309,Produto 491,Eletrônicos
2024-04-08,228,160,9923,Produto 228,Eletrônicos
2024-04-19,438,153,8835,Produto 438,Roupas
2024-04-06,438,229,8336,Produto 438,Roupas
2024-04-19,476,452,2636,Produto 476,Alimentos
2024-04-29,496,190,5529,Produto 496,Roupas
2024-04-15,279,413,5434,Produto 279,Alimentos
2024-04-17,558,266,9954,Produto 558,Roupas
2024-04-11,558,263,6229,Produto 558,Roupas
2024-04-26,558,55,4758,Produto 558,Roupas
2024-04-15,258,381,2082,Produto 258,Alimentos
2024-04-11,258,335,8876,Produto 258,Alimentos
2024-04-13,551,422,4689,Produto 551,Alimentos
2024-04-16,550,385,7334,Produto 550,Eletrônicos
2024-04-05,91,50,4047,Produto 91,Alimentos
2024-04-02,91,130,6443,Produto 91,Alimentos
2024-04-19,91,124,6508,Produto 91,Alimentos
2024-04-24,338,349,7035,Produto 338,Alimentos
2024-04-14,244,142,3699,Produto 244,Roupas
2024-04-02,244,396,1908,Produto 244,Roupas
2024-04-28,98,495,1299,Produto 98,Eletrônicos
2024-04-21,98,100,3181,Produto 98,Eletrônicos
2024-04-09,552,278,8128,Produto 552,Eletrônicos
2024-04-12,264,195,9174,Produto 264,Roupas
2024-04-17,132,443,1493,Produto 132,Roupas
2024-04-22,132,204,9669,Produto 132,Roupas
2024-04-09,562,279,8577,Produto 562,Eletrônicos
2024-04-26,562,152,5820,Produto 562,Eletrônicos
2024-04-24,562,281,4303,Produto 562,Eletrônicos
2024-04-16,358,258,7371,Produto 358,Eletrônicos
2024-04-06,267,473,3461,Produto 267,Alimentos
2024-04-22,267,154,7505,Produto 267,Alimentos
2024-04-03,267,293,3019,Produto 267,Alimentos
2024-04-29,267,488,3548,Produto 267,Alimentos
2024-04-20,142,59,2113,Produto 142,Alimentos
2024-04-27,142,377,5970,Produto 142,Alimentos
2024-04-09,142,378,5667,Produto 142,Alimentos
2024-04-17,532,65,9901,Produto 532,Roupas
2024-04-19,532,155,1378,Produto 532,Roupas
2024-04-10,320,337,8229,Produto 320,Roupas
2024-04-02,483,383,1309,Produto 483,Eletrônicos
2024-04-26,483,115,3798,Produto 483,Eletrônicos
2024-04-03,443,433,4357,Produto 443,Roupas
2024-04-02,443,181,6749,Produto 443,Roupas
2024-04-03,443,117,7722,Produto 443,Roupas
2024-04-16,515,408,5102,Produto 515,Alimentos
2024-04-03,515,122,1804,Produto 515,Alimentos
2024-04-02,192,280,5988,Produto 192,Alimentos
2024-04-03,559,181,8095,Produto 559,Alimentos
2024-04-29,404,114,5727,Produto 404,Alimentos
2024-04-28,404,197,8052,Produto 404,Alimentos
2024-04-14,404,306,5940,Produto 404,Alimentos
2024-04-15,404,151,2477,Produto 404,Alimentos
2024-04-03,340,235,4177,Produto 340,Roupas
2024-04-11,340,378,8249,Produto 340,Roupas
2024-04-23,340,222,6838,Produto 340,Roupas
2024-04-27,340,297,8324,Produto 340,Roupas
2024-04-16,586,212,9932,Produto 586,Eletrônicos
2024-04-29,503,175,3774,Produto 503,Alimentos
2024-04-28,234,58,8279,Produto 234,Alimentos
2024-04-25,234,174,3729,Produto 234,Alimentos
2024-04-14,169,137,6214,Produto 169,Eletrônicos
2024-04-15,169,366,2155,Produto 169,Eletrônicos
2024-04-24,169,175,6104,Produto 169,Eletrônicos
2024-04-04,106,158,2008,Produto 106,Alimentos
2024-04-20,106,499,2731,Produto 106,Alimentos
2024-04-21,39,361,1751,Produto 39,Eletrônicos
2024-04-08,596,183,4086,Produto 596,Roupas
2024-04-14,341,160,8910,Produto 341,Alimentos
2024-04-29,38,146,9266,Produto 38,Alimentos
2024-04-30,135,446,2386,Produto 135,Eletrônicos
2024-04-23,135,150,1136,Produto 135,Eletrônicos
2024-04-12,135,380,5893,Produto 135,Eletrônicos
2024-04-14,537,263,7275,Produto 537,Alimentos
2024-04-18,537,121,9007,Produto 537,Alimentos
2024-04-14,428,399,6457,Produto 428,Eletrônicos
2024-04-02,428,433,2512,Produto 428,Eletrônicos
2024-04-07,324,230,2909,Produto 324,Roupas
2024-04-19,322,284,1962,Produto 322,Alimentos
2024-04-30,150,328,9853,Produto 150,Eletrônicos
2024-04-09,37,450,3642,Produto 37,Roupas
2024-04-07,448,386,4312,Produto 448,Roupas
2024-04-15,487,379,8622,Produto 487,Eletrônicos
2024-04-10,487,150,8443,Produto 487,Eletrônicos
2024-04-24,493,379,1319,Produto 493,Roupas
2024-04-24,493,213,4034,Produto 493,Roupas
2024-04-22,493,74,1507,Produto 493,Roupas
2024-04-25,493,312,7128,Produto 493,Roupas
2024-04-17,556,330,9242,Produto 556,Roupas
2024-04-21,556,385,6364,Produto 556,Roupas
2024-04-04,556,185,6393,Produto 556,Roupas
2024-04-03,173,393,9591,Produto 173,Eletrônicos
2024-04-07,191,381,3130,Produto 191,Eletrônicos
2024-04-17,191,403,9281,Produto 191,Eletrônicos
2024-04-27,17,174,6273,Produto 17,Roupas
2024-04-09,87,333,6414,Produto 87,Roupas
2024-04-13,480,264,7966,Produto 480,Roupas
2024-04-02,480,444,3128,Produto 480,Roupas
2024-04-30,4,114,2873,Produto 4,Alimentos
2024-04-07,4,203,2176,Produto 4,Alimentos
2024-04-15,361,286,8906,Produto 361,Roupas
2024-04-16,174,221,3749,Produto 174,Eletrônicos
2024-04-30,548,217,3734,Produto 548,Alimentos
2024-04-04,548,85,7371,Produto 548,Alimentos
2024-04-26,548,312,1336,Produto 548,Alimentos
2024-04-06,486,324,9789,Produto 486,Roupas
2024-04-13,486,113,8755,Produto 486,Roupas
2024-04-27,486,423,7757,Produto 486,Roupas
2024-04-10,61,471,8930,Produto 61,Roupas
2024-04-12,61,237,9011,Produto 61,Roupas
2024-04-20,160,199,3837,Produto 160,Roupas
2024-04-19,160,377,1026,Produto 160,Roupas
2024-04-13,160,137,9308,Produto 160,Roupas
2024-04-27,182,336,8793,Produto 182,Eletrônicos
2024-04-07,268,300,6954,Produto 268,Alimentos
2024-04-05,268,438,4883,Produto 268,Alimentos
2024-04-18,543,56,9753,Produto 543,Roupas
2024-04-04,543,66,1043,Produto 543,Roupas
2024-04-13,543,471,1553,Produto 543,Roupas
2024-04-17,497,299,2036,Produto 497,Alimentos
2024-04-13,497,254,5642,Produto 497,Alimentos
2024-04-26,223,398,4302,Produto 223,Alimentos
2024-04-19,223,337,1682,Produto 223,Alimentos
2024-04-07,472,433,7457,Produto 472,Alimentos
2024-04-25,472,216,7262,Produto 472,Alimentos
2024-04-07,36,212,2736,Produto 36,Eletrônicos
2024-04-04,118,158,5977,Produto 118,Roupas
2024-04-03,118,231,6935,Produto 118,Roupas
2024-04-10,444,183,4041,Produto 444,Roupas
2024-04-13,461,424,8397,Produto 461,Alimentos
2024-04-22,461,185,8763,Produto 461,Alimentos
2024-04-26,309,286,1450,Produto 309,Roupas
2024-04-03,309,221,9990,Produto 309,Roupas
2024-04-29,467,486,5681,Produto 467,Alimentos
2024-04-13,467,249,3643,Produto 467,Alimentos
2024-04-05,325,64,1898,Produto 325,Eletrônicos
2024-04-11,325,329,5148,Produto 325,Eletrônicos
2024-04-26,20,417,4826,Produto 20,Roupas
2024-04-06,283,431,9446,Produto 283,Alimentos
2024-04-26,283,66,5415,Produto 283,Alimentos
2024-04-16,283,301,5630,Produto 283,Alimentos
2024-04-01,383,428,1225,Produto 383,Eletrônicos
2024-04-18,383,296,5773,Produto 383,Eletrônicos
2024-04-11,383,62,5789,Produto 383,Eletrônicos
2024-04-28,370,453,3726,Produto 370,Alimentos
2024-04-18,370,293,2194,Produto 370,Alimentos
2024-04-07,587,374,1618,Produto 587,Eletrônicos
2024-04-09,589,478,4780,Produto 589,Roupas
2024-04-30,589,68,4492,Produto 589,Roupas
2024-04-28,589,206,6397,Produto 589,Roupas
2024-04-18,293,298,8128,Produto 293,Roupas
2024-04-09,293,313,6586,Produto 293,Roupas
2024-04-30,184,410,1633,Produto 184,Roupas
2024-04-22,184,325,2603,Produto 184,Roupas
2024-04-21,184,200,5391,Produto 184,Roupas
2024-04-05,522,375,5080,Produto 522,Eletrônicos
2024-04-19,514,72,5487,Produto 514,Alimentos
2024-04-30,147,233,5672,Produto 147,Eletrônicos
2024-04-19,147,371,2514,Produto 147,Eletrônicos
2024-04-06,104,418,7724,Produto 104,Eletrônicos
2024-04-09,581,115,9177,Produto 581,Alimentos
2024-04-29,581,94,3756,Produto 581,Alimentos
2024-04-03,581,78,2848,Produto 581,Alimentos
2024-04-08,254,401,1199,Produto 254,Eletrônicos
2024-04-29,343,113,4120,Produto 343,Alimentos
2024-04-04,343,322,4130,Produto 343,Alimentos
2024-04-14,547,203,6373,Produto 547,Eletrônicos
2024-04-18,547,167,9011,Produto 547,Eletrônicos
2024-04-05,547,399,6159,Produto 547,Eletrônicos
2024-04-22,400,412,2995,Produto 400,Alimentos
2024-04-11,290,296,8049,Produto 290,Roupas
2024-04-21,447,76,7775,Produto 447,Alimentos
2024-04-29,216,80,5582,Produto 216,Alimentos
2024-04-25,595,173,7904,Produto 595,Alimentos
2024-04-27,595,293,3020,Produto 595,Alimentos
2024-04-23,595,216,9299,Produto 595,Alimentos
2024-04-30,125,416,8546,Produto 125,Alimentos
2024-04-06,125,145,7398,Produto 125,Alimentos
2024-04-22,125,94,7611,Produto 125,Alimentos
2024-04-16,365,286,4226,Produto 365,Eletrônicos
2024-04-16,365,241,5750,Produto 365,Eletrônicos
2024-04-17,365,153,3551,Produto 365,Eletrônicos
2024-04-06,539,82,9787,Produto 539,Roupas
2024-04-23,571,395,6676,Produto 571,Eletrônicos
2024-04-13,571,222,5891,Produto 571,Eletrônicos
2024-04-05,571,356,9207,Produto 571,Eletrônicos
2024-04-21,346,130,2292,Produto 346,Roupas
2024-04-02,346,263,7080,Produto 346,Roupas
2024-04-06,346,499,9728,Produto 346,Roupas
2024-04-06,553,164,8950,Produto 553,Alimentos
2024-04-14,553,97,9719,Produto 553,Alimentos
2024-04-28,408,169,8773,Produto 408,Eletrônicos
2024-04-18,408,252,4486,Produto 408,Eletrônicos
2024-04-23,408,429,3509,Produto 408,Eletrônicos
2024-04-22,92,89,3727,Produto 92,Alimentos
2024-04-01,92,348,8093,Produto 92,Alimentos
2024-04-02,92,110,6928,Produto 92,Alimentos
2024-04-26,232,214,3841,Produto 232,Roupas
2024-04-03,5,332,2108,Produto 5,Roupas
2024-04-16,5,97,3439,Produto 5,Roupas
2024-04-08,82,265,1746,Produto 82,Alimentos
2024-04-29,25,420,3473,Produto 25,Alimentos
2024-04-01,473,410,9284,Produto 473,Roupas
2024-04-24,411,446,6865,Produto 411,Roupas
2024-04-10,411,267,4388,Produto 411,Roupas
2024-04-28,348,402,1530,Produto 348,Alimentos
2024-04-29,544,131,2587,Produto 544,Eletrônicos
2024-04-16,582,475,2239,Produto 582,Eletrônicos
2024-04-24,506,436,6236,Produto 506,Alimentos
2024-04-02,506,82,4363,Produto 506,Alimentos
2024-04-25,590,323,1623,Produto 590,Alimentos
2024-04-20,590,148,7703,Produto 590,Alimentos
2024-04-25,437,441,4157,Produto 437,Roupas
2024-04-05,65,441,5105,Produto 65,Roupas
2024-04-16,565,114,4069,Produto 565,Eletrônicos
2024-04-28,565,411,7206,Produto 565,Eletrônicos
2024-04-29,253,121,5736,Produto 253,Eletrônicos
2024-04-16,499,125,2162,Produto 499,Eletrônicos
2024-04-07,18,494,3567,Produto 18,Alimentos
2024-04-27,18,100,9330,Produto 18,Alimentos
2024-04-14,155,141,2209,Produto 155,Alimentos
2024-04-20,155,481,1520,Produto 155,Alimentos
2024-04-11,179,337,6375,Produto 179,Roupas
2024-04-30,519,175,6216,Produto 519,Eletrônicos
2024-04-25,519,230,4490,Produto 519,Eletrônicos
2024-04-27,418,226,4316,Produto 418,Roupas
2024-04-11,418,396,1133,Produto 418,Roupas
2024-04-25,418,58,2023,Produto 418,Roupas
2024-04-20,418,117,6147,Produto 418,Roupas
2024-04-27,327,317,8709,Produto 327,Roupas
2024-04-29,536,78,4315,Produto 536,Roupas
2024-04-10,121,115,5899,Produto 121,Roupas
2024-04-19,403,431,9548,Produto 403,Roupas
2024-04-25,403,140,8914,Produto 403,Roupas
2024-04-08,475,120,5014,Produto 475,Roupas
2024-04-07,122,296,3137,Produto 122,Roupas
2024-04-06,13,165,3872,Produto 13,Eletrônicos
2024-04-28,205,299,4577,Produto 205,Roupas
2024-04-22,247,116,4625,Produto 247,Eletrônicos
2024-04-04,247,397,6741,Produto 247,Eletrônicos
2024-04-11,127,471,7259,Produto 127,Eletrônicos
2024-04-25,266,359,1060,Produto 266,Eletrônicos
2024-04-28,83,176,1474,Produto 83,Alimentos
2024-04-04,574,389,8219,Produto 574,Eletrônicos
2024-04-12,170,351,5886,Produto 170,Alimentos
2024-04-25,170,89,8980,Produto 170,Alimentos
2024-04-05,297,121,1543,Produto 297,Eletrônicos
2024-04-06,48,66,1956,Produto 48,Roupas
2024-04-06,523,366,7499,Produto 523,Alimentos
2024-04-04,257,303,5835,Produto 257,Eletrônicos
2024-04-30,257,197,5697,Produto 257,Eletrônicos
2024-04-19,257,53,2447,Produto 257,Eletrônicos
2024-04-27,301,253,7333,Produto 301,Alimentos
2024-04-25,211,296,6256,Produto 211,Roupas
2024-04-04,131,434,7035,Produto 131,Alimentos
2024-04-28,90,308,3668,Produto 90,Eletrônicos
2024-04-01,90,409,8560,Produto 90,Eletrônicos
2024-04-26,90,389,1405,Produto 90,Eletrônicos
2024-04-22,136,350,3123,Produto 136,Eletrônicos
2024-04-08,235,50,8748,Produto 235,Roupas
2024-04-09,478,467,3475,Produto 478,Eletrônicos
2024-04-10,236,156,3734,Produto 236,Alimentos
2024-04-10,236,216,8614,Produto 236,Alimentos
2024-04-20,60,482,4367,Produto 60,Roupas
2024-04-16,60,260,7719,Produto 60,Roupas
2024-04-16,419,79,9352,Produto 419,Eletrônicos
2024-04-13,419,127,3320,Produto 419,Eletrônicos
2024-04-23,76,58,8054,Produto 76,Roupas
2024-04-11,67,468,7052,Produto 67,Alimentos
2024-04-09,67,499,4330,Produto 67,Alimentos
2024-04-19,10,119,1735,Produto 10,Alimentos
2024-04-30,10,421,6803,Produto 10,Alimentos
2024-04-08,583,246,6170,Produto 583,Roupas
2024-04-28,583,388,2712,Produto 583,Roupas
2024-04-07,64,141,1855,Produto 64,Alimentos
2024-04-17,307,204,6393,Produto 307,Eletrônicos
2024-04-03,148,299,2732,Produto 148,Alimentos
2024-04-29,72,409,2114,Produto 72,Eletrônicos
2024-04-20,72,191,1584,Produto 72,Eletrônicos
2024-04-27,72,419,3238,Produto 72,Eletrônicos
2024-04-23,54,448,3481,Produto 54,Roupas
2024-04-10,575,202,2255,Produto 575,Roupas
2024-04-23,377,466,7098,Produto 377,Alimentos
2024-04-20,353,227,5228,Produto 353,Eletrônicos
2024-04-22,221,204,8071,Produto 221,Roupas
2024-04-18,240,347,6128,Produto 240,Roupas
2024-04-24,457,146,1321,Produto 457,Eletrônicos
2024-04-20,43,105,5681,Produto 43,Alimentos
2024-04-02,43,99,7619,Produto 43,Alimentos
2024-04-08,402,431,5793,Produto 402,Eletrônicos
2024-04-25,402,362,1281,Produto 402,Eletrônicos
2024-04-23,482,430,8694,Produto 482,Alimentos
2024-04-27,504,419,4009,Produto 504,Eletrônicos
2024-04-07,546,72,8924,Produto 546,Roupas
2024-04-19,546,350,9221,Produto 546,Roupas
2024-04-27,8,319,3531,Produto 8,Eletrônicos
2024-04-17,152,94,7717,Produto 152,Alimentos
2024-04-19,430,194,7772,Produto 430,Roupas
2024-04-10,49,429,9968,Produto 49,Eletrônicos
2024-04-09,593,174,6277,Produto 593,Eletrônicos
2024-04-30,120,484,4943,Produto 120,Roupas
2024-04-12,120,212,2120,Produto 120,Roupas
2024-04-16,542,211,5428,Produto 542,Roupas
2024-04-23,591,327,3040,Produto 591,Roupas
2024-04-30,395,276,1942,Produto 395,Roupas
2024-04-25,19,78,7380,Produto 19,Alimentos
2024-04-20,19,51,2680,Produto 19,Alimentos
2024-04-05,141,94,8041,Produto 141,Alimentos
2024-04-02,141,149,3292,Produto 141,Alimentos
2024-04-26,545,122,5278,Produto 545,Eletrônicos
2024-04-01,59,108,9765,Produto 59,Roupas
2024-04-04,59,173,3393,Produto 59,Roupas
2024-04-25,360,485,8084,Produto 360,Roupas
2024-04-22,249,390,7469,Produto 249,Eletrônicos
2024-04-01,280,386,9740,Produto 280,Roupas
2024-04-19,278,464,4568,Produto 278,Roupas
2024-04-27,21,443,3616,Produto 21,Alimentos
2024-04-12,116,256,8655,Produto 116,Eletrônicos
2024-04-10,116,82,8501,Produto 116,Eletrônicos
2024-04-21,540,141,3588,Produto 540,Alimentos
2024-04-09,540,425,6745,Produto 540,Alimentos
2024-04-08,378,205,9531,Produto 378,Roupas
2024-04-30,143,180,5083,Produto 143,Alimentos
2024-04-12,143,307,9246,Produto 143,Alimentos
2024-04-16,200,117,7269,Produto 200,Roupas
2024-04-18,24,182,2834,Produto 24,Alimentos
2024-04-03,387,341,2250,Produto 387,Alimentos
2024-04-02,387,263,1372,Produto 387,Alimentos
2024-04-25,314,91,2246,Produto 314,Alimentos
2024-04-13,78,498,4125,Produto 78,Roupas
2024-04-11,570,392,2510,Produto 570,Eletrônicos
2024-04-10,291,305,7545,Produto 291,Roupas
2024-04-12,449,387,3398,Produto 449,Roupas
2024-04-25,429,113,4502,Produto 429,Eletrônicos
2024-04-09,572,476,6546,Produto 572,Alimentos
2024-04-29,572,433,3282,Produto 572,Alimentos
2024-04-05,485,406,9664,Produto 485,Eletrônicos
2024-04-23,156,491,4926,Produto 156,Eletrônicos
2024-04-17,527,337,1106,Produto 527,Eletrônicos
2024-04-30,124,400,3354,Produto 124,Roupas
2024-04-10,380,474,4504,Produto 380,Alimentos
2024-04-23,592,292,6801,Produto 592,Roupas
2024-04-12,165,357,3455,Produto 165,Eletrônicos
2024-04-08,300,454,8994,Produto 300,Eletrônicos
2024-04-02,518,264,3873,Produto 518,Eletrônicos
2024-04-21,14,256,8216,Produto 14,Eletrônicos
2024-04-04,364,198,9577,Produto 364,Alimentos
2024-04-12,413,351,4297,Produto 413,Roupas
2024-04-09,433,245,5145,Produto 433,Eletrônicos
2024-04-11,477,381,5190,Produto 477,Alimentos
2024-04-16,412,454,2923,Produto 412,Roupas
2024-04-24,282,106,5464,Produto 282,Roupas
2024-04-22,415,90,7776,Produto 415,Eletrônicos
2024-04-14,7,99,3073,Produto 7,Alimentos
2024-04-23,460,263,7734,Produto 460,Roupas
2024-04-04,334,62,1401,Produto 334,Alimentos
2024-04-30,28,238,9943,Produto 28,Eletrônicos
2024-04-16,41,139,4313,Produto 41,Alimentos
2024-04-15,386,120,8989,Produto 386,Eletrônicos
